"Aruba","ABW","Ease of doing business index (1=most business-friendly regulations)","IC.BUS.EASE.XQ","","","","","","","","","","","","","","","","","","","","","","","","","","","","","","","","","","","","","","","","","","","","","","","","","","","","","","","","100",
"Andorra","AND","Ease of doing business index (1=most business-friendly regulations)","IC.BUS.EASE.XQ","","","","","","","","","","","","","","","","","","","","","","","","","","","","","","","","","","","","","","","","","","","","","","","","","","","","","","","","50",
"Afghanistan","AFG","Ease of doing business index (1=most business-friendly regulations)","IC.BUS.EASE.XQ","","","","","","","","","","","","","","","","","","","","","","","","","","","","","","","","","","","","","","","","","","","","","","","","","","","","","","","175","177",
"Angola","AGO","Ease of doing business index (1=most business-friendly regulations)","IC.BUS.EASE.XQ","","","","","","","","","","","","","","","","","","","","","","","","","","","","","","","","","","","","","","","","","","","","","","","","","","","","","","","183","181",
"Albania","ALB","Ease of doing business index (1=most business-friendly regulations)","IC.BUS.EASE.XQ","","","","","","","","","","","","","","","","","","","","","","","","","","","","","","","","","","","","","","","","","","","","","","","","","","","","","","","62","97",
"Arab World","ARB","Ease of doing business index (1=most business-friendly regulations)","IC.BUS.EASE.XQ","","","","","","","","","","","","","","","","","","","","","","","","","","","","","","","","","","","","","","","","","","","","","","","","","","","","","","","122.095238095238","122.428571428571",
"United Arab Emirates","ARE","Ease of doing business index (1=most business-friendly regulations)","IC.BUS.EASE.XQ","","","","","","","","","","","","","","","","","","","","","","","","","","","","","","","","","","","","","","","","","","","","","","","","","","","","","","","32","31",
"Argentina","ARG","Ease of doing business index (1=most business-friendly regulations)","IC.BUS.EASE.XQ","","","","","","","","","","","","","","","","","","","","","","","","","","","","","","","","","","","","","","","","","","","","","","","","","","","","","","","117","121",
"Armenia","ARM","Ease of doing business index (1=most business-friendly regulations)","IC.BUS.EASE.XQ","","","","","","","","","","","","","","","","","","","","","","","","","","","","","","","","","","","","","","","","","","","","","","","","","","","","","","","38","35",
"American Samoa","ASM","Ease of doing business index (1=most business-friendly regulations)","IC.BUS.EASE.XQ","","","","","","","","","","","","","","","","","","","","","","","","","","","","","","","","","","","","","","","","","","","","","","","","","","","","","","","","50",
"Antigua and Barbuda","ATG","Ease of doing business index (1=most business-friendly regulations)","IC.BUS.EASE.XQ","","","","","","","","","","","","","","","","","","","","","","","","","","","","","","","","","","","","","","","","","","","","","","","","","","","","","","","99","104",
"Australia","AUS","Ease of doing business index (1=most business-friendly regulations)","IC.BUS.EASE.XQ","","","","","","","","","","","","","","","","","","","","","","","","","","","","","","","","","","","","","","","","","","","","","","","","","","","","","","","12","13",
"Austria","AUT","Ease of doing business index (1=most business-friendly regulations)","IC.BUS.EASE.XQ","","","","","","","","","","","","","","","","","","","","","","","","","","","","","","","","","","","","","","","","","","","","","","","","","","","","","","","20","21",
"Azerbaijan","AZE","Ease of doing business index (1=most business-friendly regulations)","IC.BUS.EASE.XQ","","","","","","","","","","","","","","","","","","","","","","","","","","","","","","","","","","","","","","","","","","","","","","","","","","","","","","","63","63",
"Burundi","BDI","Ease of doing business index (1=most business-friendly regulations)","IC.BUS.EASE.XQ","","","","","","","","","","","","","","","","","","","","","","","","","","","","","","","","","","","","","","","","","","","","","","","","","","","","","","","151","152",
"Belgium","BEL","Ease of doing business index (1=most business-friendly regulations)","IC.BUS.EASE.XQ","","","","","","","","","","","","","","","","","","","","","","","","","","","","","","","","","","","","","","","","","","","","","","","","","","","","","","","41","43",
"Benin","BEN","Ease of doing business index (1=most business-friendly regulations)","IC.BUS.EASE.XQ","","","","","","","","","","","","","","","","","","","","","","","","","","","","","","","","","","","","","","","","","","","","","","","","","","","","","","","162","158",
"Burkina Faso","BFA","Ease of doing business index (1=most business-friendly regulations)","IC.BUS.EASE.XQ","","","","","","","","","","","","","","","","","","","","","","","","","","","","","","","","","","","","","","","","","","","","","","","","","","","","","","","149","143",
"Bangladesh","BGD","Ease of doing business index (1=most business-friendly regulations)","IC.BUS.EASE.XQ","","","","","","","","","","","","","","","","","","","","","","","","","","","","","","","","","","","","","","","","","","","","","","","","","","","","","","","172","174",
"Bulgaria","BGR","Ease of doing business index (1=most business-friendly regulations)","IC.BUS.EASE.XQ","","","","","","","","","","","","","","","","","","","","","","","","","","","","","","","","","","","","","","","","","","","","","","","","","","","","","","","36","38",
"Bahrain","BHR","Ease of doing business index (1=most business-friendly regulations)","IC.BUS.EASE.XQ","","","","","","","","","","","","","","","","","","","","","","","","","","","","","","","","","","","","","","","","","","","","","","","","","","","","","","","61","65",
"Bahamas, The","BHS","Ease of doing business index (1=most business-friendly regulations)","IC.BUS.EASE.XQ","","","","","","","","","","","","","","","","","","","","","","","","","","","","","","","","","","","","","","","","","","","","","","","","","","","","","","","108","106",
"Bosnia and Herzegovina","BIH","Ease of doing business index (1=most business-friendly regulations)","IC.BUS.EASE.XQ","","","","","","","","","","","","","","","","","","","","","","","","","","","","","","","","","","","","","","","","","","","","","","","","","","","","","","","82","79",
"Belarus","BLR","Ease of doing business index (1=most business-friendly regulations)","IC.BUS.EASE.XQ","","","","","","","","","","","","","","","","","","","","","","","","","","","","","","","","","","","","","","","","","","","","","","","","","","","","","","","43","44",
"Belize","BLZ","Ease of doing business index (1=most business-friendly regulations)","IC.BUS.EASE.XQ","","","","","","","","","","","","","","","","","","","","","","","","","","","","","","","","","","","","","","","","","","","","","","","","","","","","","","","118","120",
"Bermuda","BMU","Ease of doing business index (1=most business-friendly regulations)","IC.BUS.EASE.XQ","","","","","","","","","","","","","","","","","","","","","","","","","","","","","","","","","","","","","","","","","","","","","","","","","","","","","","","","50",
"Bolivia","BOL","Ease of doing business index (1=most business-friendly regulations)","IC.BUS.EASE.XQ","","","","","","","","","","","","","","","","","","","","","","","","","","","","","","","","","","","","","","","","","","","","","","","","","","","","","","","155","157",
"Brazil","BRA","Ease of doing business index (1=most business-friendly regulations)","IC.BUS.EASE.XQ","","","","","","","","","","","","","","","","","","","","","","","","","","","","","","","","","","","","","","","","","","","","","","","","","","","","","","","111","116",
"Barbados","BRB","Ease of doing business index (1=most business-friendly regulations)","IC.BUS.EASE.XQ","","","","","","","","","","","","","","","","","","","","","","","","","","","","","","","","","","","","","","","","","","","","","","","","","","","","","","","116","119",
"Brunei Darussalam","BRN","Ease of doing business index (1=most business-friendly regulations)","IC.BUS.EASE.XQ","","","","","","","","","","","","","","","","","","","","","","","","","","","","","","","","","","","","","","","","","","","","","","","","","","","","","","","105","84",
"Bhutan","BTN","Ease of doing business index (1=most business-friendly regulations)","IC.BUS.EASE.XQ","","","","","","","","","","","","","","","","","","","","","","","","","","","","","","","","","","","","","","","","","","","","","","","","","","","","","","","70","71",
"Botswana","BWA","Ease of doing business index (1=most business-friendly regulations)","IC.BUS.EASE.XQ","","","","","","","","","","","","","","","","","","","","","","","","","","","","","","","","","","","","","","","","","","","","","","","","","","","","","","","72","72",
"Central African Republic","CAF","Ease of doing business index (1=most business-friendly regulations)","IC.BUS.EASE.XQ","","","","","","","","","","","","","","","","","","","","","","","","","","","","","","","","","","","","","","","","","","","","","","","","","","","","","","","185","185",
"Canada","CAN","Ease of doing business index (1=most business-friendly regulations)","IC.BUS.EASE.XQ","","","","","","","","","","","","","","","","","","","","","","","","","","","","","","","","","","","","","","","","","","","","","","","","","","","","","","","13","14",
"Central Europe and the Baltics","CEB","Ease of doing business index (1=most business-friendly regulations)","IC.BUS.EASE.XQ","","","","","","","","","","","","","","","","","","","","","","","","","","","","","","","","","","","","","","","","","","","","","","","","","","","","","","","30.5454545454545","30.3636363636364",
"Switzerland","CHE","Ease of doing business index (1=most business-friendly regulations)","IC.BUS.EASE.XQ","","","","","","","","","","","","","","","","","","","","","","","","","","","","","","","","","","","","","","","","","","","","","","","","","","","","","","","26","26",
"Channel Islands","CHI","Ease of doing business index (1=most business-friendly regulations)","IC.BUS.EASE.XQ","","","","","","","","","","","","","","","","","","","","","","","","","","","","","","","","","","","","","","","","","","","","","","","","","","","","","","","","50",
"Chile","CHL","Ease of doing business index (1=most business-friendly regulations)","IC.BUS.EASE.XQ","","","","","","","","","","","","","","","","","","","","","","","","","","","","","","","","","","","","","","","","","","","","","","","","","","","","","","","48","48",
"China","CHN","Ease of doing business index (1=most business-friendly regulations)","IC.BUS.EASE.XQ","","","","","","","","","","","","","","","","","","","","","","","","","","","","","","","","","","","","","","","","","","","","","","","","","","","","","","","83","84",
"Cote d'Ivoire","CIV","Ease of doing business index (1=most business-friendly regulations)","IC.BUS.EASE.XQ","","","","","","","","","","","","","","","","","","","","","","","","","","","","","","","","","","","","","","","","","","","","","","","","","","","","","","","145","142",
"Cameroon","CMR","Ease of doing business index (1=most business-friendly regulations)","IC.BUS.EASE.XQ","","","","","","","","","","","","","","","","","","","","","","","","","","","","","","","","","","","","","","","","","","","","","","","","","","","","","","","168","172",
"Congo, Rep.","COG","Ease of doing business index (1=most business-friendly regulations)","IC.BUS.EASE.XQ","","","","","","","","","","","","","","","","","","","","","","","","","","","","","","","","","","","","","","","","","","","","","","","","","","","","","","","174","176",
"Colombia","COL","Ease of doing business index (1=most business-friendly regulations)","IC.BUS.EASE.XQ","","","","","","","","","","","","","","","","","","","","","","","","","","","","","","","","","","","","","","","","","","","","","","","","","","","","","","","52","54",
"Comoros","COM","Ease of doing business index (1=most business-friendly regulations)","IC.BUS.EASE.XQ","","","","","","","","","","","","","","","","","","","","","","","","","","","","","","","","","","","","","","","","","","","","","","","","","","","","","","","159","154",
"Cabo Verde","CPV","Ease of doing business index (1=most business-friendly regulations)","IC.BUS.EASE.XQ","","","","","","","","","","","","","","","","","","","","","","","","","","","","","","","","","","","","","","","","","","","","","","","","","","","","","","","124","126",
"Costa Rica","CRI","Ease of doing business index (1=most business-friendly regulations)","IC.BUS.EASE.XQ","","","","","","","","","","","","","","","","","","","","","","","","","","","","","","","","","","","","","","","","","","","","","","","","","","","","","","","79","58",
"Caribbean small states","CSS","Ease of doing business index (1=most business-friendly regulations)","IC.BUS.EASE.XQ","","","","","","","","","","","","","","","","","","","","","","","","","","","","","","","","","","","","","","","","","","","","","","","","","","","","","","","107.923076923077","110.153846153846",
"Cuba","CUB","Ease of doing business index (1=most business-friendly regulations)","IC.BUS.EASE.XQ","","","","","","","","","","","","","","","","","","","","","","","","","","","","","","","","","","","","","","","","","","","","","","","","","","","","","","","","150",
"Curacao","CUW","Ease of doing business index (1=most business-friendly regulations)","IC.BUS.EASE.XQ","","","","","","","","","","","","","","","","","","","","","","","","","","","","","","","","","","","","","","","","","","","","","","","","","","","","","","","","100",
"Cayman Islands","CYM","Ease of doing business index (1=most business-friendly regulations)","IC.BUS.EASE.XQ","","","","","","","","","","","","","","","","","","","","","","","","","","","","","","","","","","","","","","","","","","","","","","","","","","","","","","","","50",
"Cyprus","CYP","Ease of doing business index (1=most business-friendly regulations)","IC.BUS.EASE.XQ","","","","","","","","","","","","","","","","","","","","","","","","","","","","","","","","","","","","","","","","","","","","","","","","","","","","","","","60","47",
"Czech Republic","CZE","Ease of doing business index (1=most business-friendly regulations)","IC.BUS.EASE.XQ","","","","","","","","","","","","","","","","","","","","","","","","","","","","","","","","","","","","","","","","","","","","","","","","","","","","","","","33","36",
"Germany","DEU","Ease of doing business index (1=most business-friendly regulations)","IC.BUS.EASE.XQ","","","","","","","","","","","","","","","","","","","","","","","","","","","","","","","","","","","","","","","","","","","","","","","","","","","","","","","15","15",
"Djibouti","DJI","Ease of doing business index (1=most business-friendly regulations)","IC.BUS.EASE.XQ","","","","","","","","","","","","","","","","","","","","","","","","","","","","","","","","","","","","","","","","","","","","","","","","","","","","","","","169","171",
"Dominica","DMA","Ease of doing business index (1=most business-friendly regulations)","IC.BUS.EASE.XQ","","","","","","","","","","","","","","","","","","","","","","","","","","","","","","","","","","","","","","","","","","","","","","","","","","","","","","","89","91",
"Denmark","DNK","Ease of doing business index (1=most business-friendly regulations)","IC.BUS.EASE.XQ","","","","","","","","","","","","","","","","","","","","","","","","","","","","","","","","","","","","","","","","","","","","","","","","","","","","","","","3","3",
"Dominican Republic","DOM","Ease of doing business index (1=most business-friendly regulations)","IC.BUS.EASE.XQ","","","","","","","","","","","","","","","","","","","","","","","","","","","","","","","","","","","","","","","","","","","","","","","","","","","","","","","90","93",
"Algeria","DZA","Ease of doing business index (1=most business-friendly regulations)","IC.BUS.EASE.XQ","","","","","","","","","","","","","","","","","","","","","","","","","","","","","","","","","","","","","","","","","","","","","","","","","","","","","","","161","163",
"Ecuador","ECU","Ease of doing business index (1=most business-friendly regulations)","IC.BUS.EASE.XQ","","","","","","","","","","","","","","","","","","","","","","","","","","","","","","","","","","","","","","","","","","","","","","","","","","","","","","","114","117",
"Egypt, Arab Rep.","EGY","Ease of doing business index (1=most business-friendly regulations)","IC.BUS.EASE.XQ","","","","","","","","","","","","","","","","","","","","","","","","","","","","","","","","","","","","","","","","","","","","","","","","","","","","","","","126","131",
"Eritrea","ERI","Ease of doing business index (1=most business-friendly regulations)","IC.BUS.EASE.XQ","","","","","","","","","","","","","","","","","","","","","","","","","","","","","","","","","","","","","","","","","","","","","","","","","","","","","","","189","189",
"Spain","ESP","Ease of doing business index (1=most business-friendly regulations)","IC.BUS.EASE.XQ","","","","","","","","","","","","","","","","","","","","","","","","","","","","","","","","","","","","","","","","","","","","","","","","","","","","","","","34","33",
"Estonia","EST","Ease of doing business index (1=most business-friendly regulations)","IC.BUS.EASE.XQ","","","","","","","","","","","","","","","","","","","","","","","","","","","","","","","","","","","","","","","","","","","","","","","","","","","","","","","16","16",
"Ethiopia","ETH","Ease of doing business index (1=most business-friendly regulations)","IC.BUS.EASE.XQ","","","","","","","","","","","","","","","","","","","","","","","","","","","","","","","","","","","","","","","","","","","","","","","","","","","","","","","148","146",
"European Union","EUU","Ease of doing business index (1=most business-friendly regulations)","IC.BUS.EASE.XQ","","","","","","","","","","","","","","","","","","","","","","","","","","","","","","","","","","","","","","","","","","","","","","","","","","","","","","","30.8214285714286","30.75",
"Finland","FIN","Ease of doing business index (1=most business-friendly regulations)","IC.BUS.EASE.XQ","","","","","","","","","","","","","","","","","","","","","","","","","","","","","","","","","","","","","","","","","","","","","","","","","","","","","","","10","10",
"Fiji","FJI","Ease of doing business index (1=most business-friendly regulations)","IC.BUS.EASE.XQ","","","","","","","","","","","","","","","","","","","","","","","","","","","","","","","","","","","","","","","","","","","","","","","","","","","","","","","86","88",
"France","FRA","Ease of doing business index (1=most business-friendly regulations)","IC.BUS.EASE.XQ","","","","","","","","","","","","","","","","","","","","","","","","","","","","","","","","","","","","","","","","","","","","","","","","","","","","","","","27","27",
"Faeroe Islands","FRO","Ease of doing business index (1=most business-friendly regulations)","IC.BUS.EASE.XQ","","","","","","","","","","","","","","","","","","","","","","","","","","","","","","","","","","","","","","","","","","","","","","","","","","","","","","","","50",
"Micronesia, Fed. Sts.","FSM","Ease of doing business index (1=most business-friendly regulations)","IC.BUS.EASE.XQ","","","","","","","","","","","","","","","","","","","","","","","","","","","","","","","","","","","","","","","","","","","","","","","","","","","","","","","146","148",
"Gabon","GAB","Ease of doing business index (1=most business-friendly regulations)","IC.BUS.EASE.XQ","","","","","","","","","","","","","","","","","","","","","","","","","","","","","","","","","","","","","","","","","","","","","","","","","","","","","","","156","162",
"United Kingdom","GBR","Ease of doing business index (1=most business-friendly regulations)","IC.BUS.EASE.XQ","","","","","","","","","","","","","","","","","","","","","","","","","","","","","","","","","","","","","","","","","","","","","","","","","","","","","","","6","6",
"Georgia","GEO","Ease of doing business index (1=most business-friendly regulations)","IC.BUS.EASE.XQ","","","","","","","","","","","","","","","","","","","","","","","","","","","","","","","","","","","","","","","","","","","","","","","","","","","","","","","24","24",
"Ghana","GHA","Ease of doing business index (1=most business-friendly regulations)","IC.BUS.EASE.XQ","","","","","","","","","","","","","","","","","","","","","","","","","","","","","","","","","","","","","","","","","","","","","","","","","","","","","","","112","114",
"Guinea","GIN","Ease of doing business index (1=most business-friendly regulations)","IC.BUS.EASE.XQ","","","","","","","","","","","","","","","","","","","","","","","","","","","","","","","","","","","","","","","","","","","","","","","","","","","","","","","171","165",
"Gambia, The","GMB","Ease of doing business index (1=most business-friendly regulations)","IC.BUS.EASE.XQ","","","","","","","","","","","","","","","","","","","","","","","","","","","","","","","","","","","","","","","","","","","","","","","","","","","","","","","150","151",
"Guinea-Bissau","GNB","Ease of doing business index (1=most business-friendly regulations)","IC.BUS.EASE.XQ","","","","","","","","","","","","","","","","","","","","","","","","","","","","","","","","","","","","","","","","","","","","","","","","","","","","","","","181","178",
"Equatorial Guinea","GNQ","Ease of doing business index (1=most business-friendly regulations)","IC.BUS.EASE.XQ","","","","","","","","","","","","","","","","","","","","","","","","","","","","","","","","","","","","","","","","","","","","","","","","","","","","","","","178","180",
"Greece","GRC","Ease of doing business index (1=most business-friendly regulations)","IC.BUS.EASE.XQ","","","","","","","","","","","","","","","","","","","","","","","","","","","","","","","","","","","","","","","","","","","","","","","","","","","","","","","58","60",
"Grenada","GRD","Ease of doing business index (1=most business-friendly regulations)","IC.BUS.EASE.XQ","","","","","","","","","","","","","","","","","","","","","","","","","","","","","","","","","","","","","","","","","","","","","","","","","","","","","","","130","135",
"Greenland","GRL","Ease of doing business index (1=most business-friendly regulations)","IC.BUS.EASE.XQ","","","","","","","","","","","","","","","","","","","","","","","","","","","","","","","","","","","","","","","","","","","","","","","","","","","","","","","","30",
"Guatemala","GTM","Ease of doing business index (1=most business-friendly regulations)","IC.BUS.EASE.XQ","","","","","","","","","","","","","","","","","","","","","","","","","","","","","","","","","","","","","","","","","","","","","","","","","","","","","","","81","81",
"Guam","GUM","Ease of doing business index (1=most business-friendly regulations)","IC.BUS.EASE.XQ","","","","","","","","","","","","","","","","","","","","","","","","","","","","","","","","","","","","","","","","","","","","","","","","","","","","","","","","20",
"Guyana","GUY","Ease of doing business index (1=most business-friendly regulations)","IC.BUS.EASE.XQ","","","","","","","","","","","","","","","","","","","","","","","","","","","","","","","","","","","","","","","","","","","","","","","","","","","","","","","132","137",
"Hong Kong SAR, China","HKG","Ease of doing business index (1=most business-friendly regulations)","IC.BUS.EASE.XQ","","","","","","","","","","","","","","","","","","","","","","","","","","","","","","","","","","","","","","","","","","","","","","","","","","","","","","","5","5",
"Honduras","HND","Ease of doing business index (1=most business-friendly regulations)","IC.BUS.EASE.XQ","","","","","","","","","","","","","","","","","","","","","","","","","","","","","","","","","","","","","","","","","","","","","","","","","","","","","","","115","110",
"Croatia","HRV","Ease of doing business index (1=most business-friendly regulations)","IC.BUS.EASE.XQ","","","","","","","","","","","","","","","","","","","","","","","","","","","","","","","","","","","","","","","","","","","","","","","","","","","","","","","39","40",
"Haiti","HTI","Ease of doing business index (1=most business-friendly regulations)","IC.BUS.EASE.XQ","","","","","","","","","","","","","","","","","","","","","","","","","","","","","","","","","","","","","","","","","","","","","","","","","","","","","","","179","182",
"Hungary","HUN","Ease of doing business index (1=most business-friendly regulations)","IC.BUS.EASE.XQ","","","","","","","","","","","","","","","","","","","","","","","","","","","","","","","","","","","","","","","","","","","","","","","","","","","","","","","40","42",
"Indonesia","IDN","Ease of doing business index (1=most business-friendly regulations)","IC.BUS.EASE.XQ","","","","","","","","","","","","","","","","","","","","","","","","","","","","","","","","","","","","","","","","","","","","","","","","","","","","","","","120","109",
"Isle of Man","IMN","Ease of doing business index (1=most business-friendly regulations)","IC.BUS.EASE.XQ","","","","","","","","","","","","","","","","","","","","","","","","","","","","","","","","","","","","","","","","","","","","","","","","","","","","","","","","20",
"India","IND","Ease of doing business index (1=most business-friendly regulations)","IC.BUS.EASE.XQ","","","","","","","","","","","","","","","","","","","","","","","","","","","","","","","","","","","","","","","","","","","","","","","","","","","","","","","134","130",
"Ireland","IRL","Ease of doing business index (1=most business-friendly regulations)","IC.BUS.EASE.XQ","","","","","","","","","","","","","","","","","","","","","","","","","","","","","","","","","","","","","","","","","","","","","","","","","","","","","","","19","17",
"Iran, Islamic Rep.","IRN","Ease of doing business index (1=most business-friendly regulations)","IC.BUS.EASE.XQ","","","","","","","","","","","","","","","","","","","","","","","","","","","","","","","","","","","","","","","","","","","","","","","","","","","","","","","119","118",
"Iraq","IRQ","Ease of doing business index (1=most business-friendly regulations)","IC.BUS.EASE.XQ","","","","","","","","","","","","","","","","","","","","","","","","","","","","","","","","","","","","","","","","","","","","","","","","","","","","","","","160","161",
"Iceland","ISL","Ease of doing business index (1=most business-friendly regulations)","IC.BUS.EASE.XQ","","","","","","","","","","","","","","","","","","","","","","","","","","","","","","","","","","","","","","","","","","","","","","","","","","","","","","","18","19",
"Israel","ISR","Ease of doing business index (1=most business-friendly regulations)","IC.BUS.EASE.XQ","","","","","","","","","","","","","","","","","","","","","","","","","","","","","","","","","","","","","","","","","","","","","","","","","","","","","","","50","53",
"Italy","ITA","Ease of doing business index (1=most business-friendly regulations)","IC.BUS.EASE.XQ","","","","","","","","","","","","","","","","","","","","","","","","","","","","","","","","","","","","","","","","","","","","","","","","","","","","","","","44","45",
"Jamaica","JAM","Ease of doing business index (1=most business-friendly regulations)","IC.BUS.EASE.XQ","","","","","","","","","","","","","","","","","","","","","","","","","","","","","","","","","","","","","","","","","","","","","","","","","","","","","","","71","64",
"Jordan","JOR","Ease of doing business index (1=most business-friendly regulations)","IC.BUS.EASE.XQ","","","","","","","","","","","","","","","","","","","","","","","","","","","","","","","","","","","","","","","","","","","","","","","","","","","","","","","107","113",
"Japan","JPN","Ease of doing business index (1=most business-friendly regulations)","IC.BUS.EASE.XQ","","","","","","","","","","","","","","","","","","","","","","","","","","","","","","","","","","","","","","","","","","","","","","","","","","","","","","","30","34",
"Kazakhstan","KAZ","Ease of doing business index (1=most business-friendly regulations)","IC.BUS.EASE.XQ","","","","","","","","","","","","","","","","","","","","","","","","","","","","","","","","","","","","","","","","","","","","","","","","","","","","","","","53","41",
"Kenya","KEN","Ease of doing business index (1=most business-friendly regulations)","IC.BUS.EASE.XQ","","","","","","","","","","","","","","","","","","","","","","","","","","","","","","","","","","","","","","","","","","","","","","","","","","","","","","","129","108",
"Kyrgyz Republic","KGZ","Ease of doing business index (1=most business-friendly regulations)","IC.BUS.EASE.XQ","","","","","","","","","","","","","","","","","","","","","","","","","","","","","","","","","","","","","","","","","","","","","","","","","","","","","","","67","67",
"Cambodia","KHM","Ease of doing business index (1=most business-friendly regulations)","IC.BUS.EASE.XQ","","","","","","","","","","","","","","","","","","","","","","","","","","","","","","","","","","","","","","","","","","","","","","","","","","","","","","","133","127",
"Kiribati","KIR","Ease of doing business index (1=most business-friendly regulations)","IC.BUS.EASE.XQ","","","","","","","","","","","","","","","","","","","","","","","","","","","","","","","","","","","","","","","","","","","","","","","","","","","","","","","143","149",
"St. Kitts and Nevis","KNA","Ease of doing business index (1=most business-friendly regulations)","IC.BUS.EASE.XQ","","","","","","","","","","","","","","","","","","","","","","","","","","","","","","","","","","","","","","","","","","","","","","","","","","","","","","","122","124",
"Korea, Rep.","KOR","Ease of doing business index (1=most business-friendly regulations)","IC.BUS.EASE.XQ","","","","","","","","","","","","","","","","","","","","","","","","","","","","","","","","","","","","","","","","","","","","","","","","","","","","","","","4","4",
"Kosovo","KSV","Ease of doing business index (1=most business-friendly regulations)","IC.BUS.EASE.XQ","","","","","","","","","","","","","","","","","","","","","","","","","","","","","","","","","","","","","","","","","","","","","","","","","","","","","","","64","66",
"Kuwait","KWT","Ease of doing business index (1=most business-friendly regulations)","IC.BUS.EASE.XQ","","","","","","","","","","","","","","","","","","","","","","","","","","","","","","","","","","","","","","","","","","","","","","","","","","","","","","","100","101",
"Lao PDR","LAO","Ease of doing business index (1=most business-friendly regulations)","IC.BUS.EASE.XQ","","","","","","","","","","","","","","","","","","","","","","","","","","","","","","","","","","","","","","","","","","","","","","","","","","","","","","","139","134",
"Lebanon","LBN","Ease of doing business index (1=most business-friendly regulations)","IC.BUS.EASE.XQ","","","","","","","","","","","","","","","","","","","","","","","","","","","","","","","","","","","","","","","","","","","","","","","","","","","","","","","121","123",
"Liberia","LBR","Ease of doing business index (1=most business-friendly regulations)","IC.BUS.EASE.XQ","","","","","","","","","","","","","","","","","","","","","","","","","","","","","","","","","","","","","","","","","","","","","","","","","","","","","","","180","179",
"Libya","LBY","Ease of doing business index (1=most business-friendly regulations)","IC.BUS.EASE.XQ","","","","","","","","","","","","","","","","","","","","","","","","","","","","","","","","","","","","","","","","","","","","","","","","","","","","","","","188","188",
"St. Lucia","LCA","Ease of doing business index (1=most business-friendly regulations)","IC.BUS.EASE.XQ","","","","","","","","","","","","","","","","","","","","","","","","","","","","","","","","","","","","","","","","","","","","","","","","","","","","","","","73","77",
"Liechtenstein","LIE","Ease of doing business index (1=most business-friendly regulations)","IC.BUS.EASE.XQ","","","","","","","","","","","","","","","","","","","","","","","","","","","","","","","","","","","","","","","","","","","","","","","","","","","","","","","","50",
"Sri Lanka","LKA","Ease of doing business index (1=most business-friendly regulations)","IC.BUS.EASE.XQ","","","","","","","","","","","","","","","","","","","","","","","","","","","","","","","","","","","","","","","","","","","","","","","","","","","","","","","113","107",
"Lesotho","LSO","Ease of doing business index (1=most business-friendly regulations)","IC.BUS.EASE.XQ","","","","","","","","","","","","","","","","","","","","","","","","","","","","","","","","","","","","","","","","","","","","","","","","","","","","","","","110","114",
"Lithuania","LTU","Ease of doing business index (1=most business-friendly regulations)","IC.BUS.EASE.XQ","","","","","","","","","","","","","","","","","","","","","","","","","","","","","","","","","","","","","","","","","","","","","","","","","","","","","","","21","20",
"Luxembourg","LUX","Ease of doing business index (1=most business-friendly regulations)","IC.BUS.EASE.XQ","","","","","","","","","","","","","","","","","","","","","","","","","","","","","","","","","","","","","","","","","","","","","","","","","","","","","","","57","61",
"Latvia","LVA","Ease of doing business index (1=most business-friendly regulations)","IC.BUS.EASE.XQ","","","","","","","","","","","","","","","","","","","","","","","","","","","","","","","","","","","","","","","","","","","","","","","","","","","","","","","22","22",
"Macao SAR, China","MAC","Ease of doing business index (1=most business-friendly regulations)","IC.BUS.EASE.XQ","","","","","","","","","","","","","","","","","","","","","","","","","","","","","","","","","","","","","","","","","","","","","","","","","","","","","","","","50",
"St. Martin (French part)","MAF","Ease of doing business index (1=most business-friendly regulations)","IC.BUS.EASE.XQ","","","","","","","","","","","","","","","","","","","","","","","","","","","","","","","","","","","","","","","","","","","","","","","","","","","","","","","","50",
"Morocco","MAR","Ease of doing business index (1=most business-friendly regulations)","IC.BUS.EASE.XQ","","","","","","","","","","","","","","","","","","","","","","","","","","","","","","","","","","","","","","","","","","","","","","","","","","","","","","","80","75",
"Monaco","MCO","Ease of doing business index (1=most business-friendly regulations)","IC.BUS.EASE.XQ","","","","","","","","","","","","","","","","","","","","","","","","","","","","","","","","","","","","","","","","","","","","","","","","","","","","","","","","20",
"Moldova","MDA","Ease of doing business index (1=most business-friendly regulations)","IC.BUS.EASE.XQ","","","","","","","","","","","","","","","","","","","","","","","","","","","","","","","","","","","","","","","","","","","","","","","","","","","","","","","49","52",
"Madagascar","MDG","Ease of doing business index (1=most business-friendly regulations)","IC.BUS.EASE.XQ","","","","","","","","","","","","","","","","","","","","","","","","","","","","","","","","","","","","","","","","","","","","","","","","","","","","","","","166","164",
"Maldives","MDV","Ease of doing business index (1=most business-friendly regulations)","IC.BUS.EASE.XQ","","","","","","","","","","","","","","","","","","","","","","","","","","","","","","","","","","","","","","","","","","","","","","","","","","","","","","","125","128",
"Mexico","MEX","Ease of doing business index (1=most business-friendly regulations)","IC.BUS.EASE.XQ","","","","","","","","","","","","","","","","","","","","","","","","","","","","","","","","","","","","","","","","","","","","","","","","","","","","","","","42","38",
"Marshall Islands","MHL","Ease of doing business index (1=most business-friendly regulations)","IC.BUS.EASE.XQ","","","","","","","","","","","","","","","","","","","","","","","","","","","","","","","","","","","","","","","","","","","","","","","","","","","","","","","137","140",
"Macedonia, FYR","MKD","Ease of doing business index (1=most business-friendly regulations)","IC.BUS.EASE.XQ","","","","","","","","","","","","","","","","","","","","","","","","","","","","","","","","","","","","","","","","","","","","","","","","","","","","","","","14","12",
"Mali","MLI","Ease of doing business index (1=most business-friendly regulations)","IC.BUS.EASE.XQ","","","","","","","","","","","","","","","","","","","","","","","","","","","","","","","","","","","","","","","","","","","","","","","","","","","","","","","142","143",
"Malta","MLT","Ease of doing business index (1=most business-friendly regulations)","IC.BUS.EASE.XQ","","","","","","","","","","","","","","","","","","","","","","","","","","","","","","","","","","","","","","","","","","","","","","","","","","","","","","","76","80",
"Myanmar","MMR","Ease of doing business index (1=most business-friendly regulations)","IC.BUS.EASE.XQ","","","","","","","","","","","","","","","","","","","","","","","","","","","","","","","","","","","","","","","","","","","","","","","","","","","","","","","177","167",
"Montenegro","MNE","Ease of doing business index (1=most business-friendly regulations)","IC.BUS.EASE.XQ","","","","","","","","","","","","","","","","","","","","","","","","","","","","","","","","","","","","","","","","","","","","","","","","","","","","","","","47","46",
"Mongolia","MNG","Ease of doing business index (1=most business-friendly regulations)","IC.BUS.EASE.XQ","","","","","","","","","","","","","","","","","","","","","","","","","","","","","","","","","","","","","","","","","","","","","","","","","","","","","","","59","56",
"Northern Mariana Islands","MNP","Ease of doing business index (1=most business-friendly regulations)","IC.BUS.EASE.XQ","","","","","","","","","","","","","","","","","","","","","","","","","","","","","","","","","","","","","","","","","","","","","","","","","","","","","","","","100",
"Mozambique","MOZ","Ease of doing business index (1=most business-friendly regulations)","IC.BUS.EASE.XQ","","","","","","","","","","","","","","","","","","","","","","","","","","","","","","","","","","","","","","","","","","","","","","","","","","","","","","","128","133",
"Mauritania","MRT","Ease of doing business index (1=most business-friendly regulations)","IC.BUS.EASE.XQ","","","","","","","","","","","","","","","","","","","","","","","","","","","","","","","","","","","","","","","","","","","","","","","","","","","","","","","176","168",
"Mauritius","MUS","Ease of doing business index (1=most business-friendly regulations)","IC.BUS.EASE.XQ","","","","","","","","","","","","","","","","","","","","","","","","","","","","","","","","","","","","","","","","","","","","","","","","","","","","","","","31","32",
"Malawi","MWI","Ease of doing business index (1=most business-friendly regulations)","IC.BUS.EASE.XQ","","","","","","","","","","","","","","","","","","","","","","","","","","","","","","","","","","","","","","","","","","","","","","","","","","","","","","","144","141",
"Malaysia","MYS","Ease of doing business index (1=most business-friendly regulations)","IC.BUS.EASE.XQ","","","","","","","","","","","","","","","","","","","","","","","","","","","","","","","","","","","","","","","","","","","","","","","","","","","","","","","17","18",
"Namibia","NAM","Ease of doing business index (1=most business-friendly regulations)","IC.BUS.EASE.XQ","","","","","","","","","","","","","","","","","","","","","","","","","","","","","","","","","","","","","","","","","","","","","","","","","","","","","","","101","101",
"New Caledonia","NCL","Ease of doing business index (1=most business-friendly regulations)","IC.BUS.EASE.XQ","","","","","","","","","","","","","","","","","","","","","","","","","","","","","","","","","","","","","","","","","","","","","","","","","","","","","","","","50",
"Niger","NER","Ease of doing business index (1=most business-friendly regulations)","IC.BUS.EASE.XQ","","","","","","","","","","","","","","","","","","","","","","","","","","","","","","","","","","","","","","","","","","","","","","","","","","","","","","","164","160",
"Nigeria","NGA","Ease of doing business index (1=most business-friendly regulations)","IC.BUS.EASE.XQ","","","","","","","","","","","","","","","","","","","","","","","","","","","","","","","","","","","","","","","","","","","","","","","","","","","","","","","170","169",
"Nicaragua","NIC","Ease of doing business index (1=most business-friendly regulations)","IC.BUS.EASE.XQ","","","","","","","","","","","","","","","","","","","","","","","","","","","","","","","","","","","","","","","","","","","","","","","","","","","","","","","123","125",
"Netherlands","NLD","Ease of doing business index (1=most business-friendly regulations)","IC.BUS.EASE.XQ","","","","","","","","","","","","","","","","","","","","","","","","","","","","","","","","","","","","","","","","","","","","","","","","","","","","","","","25","28",
"Norway","NOR","Ease of doing business index (1=most business-friendly regulations)","IC.BUS.EASE.XQ","","","","","","","","","","","","","","","","","","","","","","","","","","","","","","","","","","","","","","","","","","","","","","","","","","","","","","","8","9",
"Nepal","NPL","Ease of doing business index (1=most business-friendly regulations)","IC.BUS.EASE.XQ","","","","","","","","","","","","","","","","","","","","","","","","","","","","","","","","","","","","","","","","","","","","","","","","","","","","","","","94","99",
"New Zealand","NZL","Ease of doing business index (1=most business-friendly regulations)","IC.BUS.EASE.XQ","","","","","","","","","","","","","","","","","","","","","","","","","","","","","","","","","","","","","","","","","","","","","","","","","","","","","","","2","2",
"Oman","OMN","Ease of doing business index (1=most business-friendly regulations)","IC.BUS.EASE.XQ","","","","","","","","","","","","","","","","","","","","","","","","","","","","","","","","","","","","","","","","","","","","","","","","","","","","","","","77","70",
"Pakistan","PAK","Ease of doing business index (1=most business-friendly regulations)","IC.BUS.EASE.XQ","","","","","","","","","","","","","","","","","","","","","","","","","","","","","","","","","","","","","","","","","","","","","","","","","","","","","","","136","138",
"Panama","PAN","Ease of doing business index (1=most business-friendly regulations)","IC.BUS.EASE.XQ","","","","","","","","","","","","","","","","","","","","","","","","","","","","","","","","","","","","","","","","","","","","","","","","","","","","","","","66","69",
"Peru","PER","Ease of doing business index (1=most business-friendly regulations)","IC.BUS.EASE.XQ","","","","","","","","","","","","","","","","","","","","","","","","","","","","","","","","","","","","","","","","","","","","","","","","","","","","","","","45","50",
"Philippines","PHL","Ease of doing business index (1=most business-friendly regulations)","IC.BUS.EASE.XQ","","","","","","","","","","","","","","","","","","","","","","","","","","","","","","","","","","","","","","","","","","","","","","","","","","","","","","","97","103",
"Palau","PLW","Ease of doing business index (1=most business-friendly regulations)","IC.BUS.EASE.XQ","","","","","","","","","","","","","","","","","","","","","","","","","","","","","","","","","","","","","","","","","","","","","","","","","","","","","","","131","136",
"Papua New Guinea","PNG","Ease of doing business index (1=most business-friendly regulations)","IC.BUS.EASE.XQ","","","","","","","","","","","","","","","","","","","","","","","","","","","","","","","","","","","","","","","","","","","","","","","","","","","","","","","141","145",
"Poland","POL","Ease of doing business index (1=most business-friendly regulations)","IC.BUS.EASE.XQ","","","","","","","","","","","","","","","","","","","","","","","","","","","","","","","","","","","","","","","","","","","","","","","","","","","","","","","28","25",
"Puerto Rico","PRI","Ease of doing business index (1=most business-friendly regulations)","IC.BUS.EASE.XQ","","","","","","","","","","","","","","","","","","","","","","","","","","","","","","","","","","","","","","","","","","","","","","","","","","","","","","","56","57",
"Korea, Dem. Rep.","PRK","Ease of doing business index (1=most business-friendly regulations)","IC.BUS.EASE.XQ","","","","","","","","","","","","","","","","","","","","","","","","","","","","","","","","","","","","","","","","","","","","","","","","","","","","","","","","200",
"Portugal","PRT","Ease of doing business index (1=most business-friendly regulations)","IC.BUS.EASE.XQ","","","","","","","","","","","","","","","","","","","","","","","","","","","","","","","","","","","","","","","","","","","","","","","","","","","","","","","23","23",
"Paraguay","PRY","Ease of doing business index (1=most business-friendly regulations)","IC.BUS.EASE.XQ","","","","","","","","","","","","","","","","","","","","","","","","","","","","","","","","","","","","","","","","","","","","","","","","","","","","","","","95","100",
"French Polynesia","PYF","Ease of doing business index (1=most business-friendly regulations)","IC.BUS.EASE.XQ","","","","","","","","","","","","","","","","","","","","","","","","","","","","","","","","","","","","","","","","","","","","","","","","","","","","","","","","50",
"Qatar","QAT","Ease of doing business index (1=most business-friendly regulations)","IC.BUS.EASE.XQ","","","","","","","","","","","","","","","","","","","","","","","","","","","","","","","","","","","","","","","","","","","","","","","","","","","","","","","65","68",
"Romania","ROU","Ease of doing business index (1=most business-friendly regulations)","IC.BUS.EASE.XQ","","","","","","","","","","","","","","","","","","","","","","","","","","","","","","","","","","","","","","","","","","","","","","","","","","","","","","","37","37",
"Russian Federation","RUS","Ease of doing business index (1=most business-friendly regulations)","IC.BUS.EASE.XQ","","","","","","","","","","","","","","","","","","","","","","","","","","","","","","","","","","","","","","","","","","","","","","","","","","","","","","","54","51",
"Rwanda","RWA","Ease of doing business index (1=most business-friendly regulations)","IC.BUS.EASE.XQ","","","","","","","","","","","","","","","","","","","","","","","","","","","","","","","","","","","","","","","","","","","","","","","","","","","","","","","55","62",
"South Asia","SAS","Ease of doing business index (1=most business-friendly regulations)","IC.BUS.EASE.XQ","","","","","","","","","","","","","","","","","","","","","","","","","","","","","","","","","","","","","","","","","","","","","","","","","","","","","","","127.375","128",
"Saudi Arabia","SAU","Ease of doing business index (1=most business-friendly regulations)","IC.BUS.EASE.XQ","","","","","","","","","","","","","","","","","","","","","","","","","","","","","","","","","","","","","","","","","","","","","","","","","","","","","","","84","82",
"Sudan","SDN","Ease of doing business index (1=most business-friendly regulations)","IC.BUS.EASE.XQ","","","","","","","","","","","","","","","","","","","","","","","","","","","","","","","","","","","","","","","","","","","","","","","","","","","","","","","158","159",
"Senegal","SEN","Ease of doing business index (1=most business-friendly regulations)","IC.BUS.EASE.XQ","","","","","","","","","","","","","","","","","","","","","","","","","","","","","","","","","","","","","","","","","","","","","","","","","","","","","","","156","153",
"Singapore","SGP","Ease of doing business index (1=most business-friendly regulations)","IC.BUS.EASE.XQ","","","","","","","","","","","","","","","","","","","","","","","","","","","","","","","","","","","","","","","","","","","","","","","","","","","","","","","1","1",
"Solomon Islands","SLB","Ease of doing business index (1=most business-friendly regulations)","IC.BUS.EASE.XQ","","","","","","","","","","","","","","","","","","","","","","","","","","","","","","","","","","","","","","","","","","","","","","","","","","","","","","","109","112",
"Sierra Leone","SLE","Ease of doing business index (1=most business-friendly regulations)","IC.BUS.EASE.XQ","","","","","","","","","","","","","","","","","","","","","","","","","","","","","","","","","","","","","","","","","","","","","","","","","","","","","","","147","147",
"El Salvador","SLV","Ease of doing business index (1=most business-friendly regulations)","IC.BUS.EASE.XQ","","","","","","","","","","","","","","","","","","","","","","","","","","","","","","","","","","","","","","","","","","","","","","","","","","","","","","","97","86",
"San Marino","SMR","Ease of doing business index (1=most business-friendly regulations)","IC.BUS.EASE.XQ","","","","","","","","","","","","","","","","","","","","","","","","","","","","","","","","","","","","","","","","","","","","","","","","","","","","","","","78","76",
"Somalia","SOM","Ease of doing business index (1=most business-friendly regulations)","IC.BUS.EASE.XQ","","","","","","","","","","","","","","","","","","","","","","","","","","","","","","","","","","","","","","","","","","","","","","","","","","","","","","","","200",
"Serbia","SRB","Ease of doing business index (1=most business-friendly regulations)","IC.BUS.EASE.XQ","","","","","","","","","","","","","","","","","","","","","","","","","","","","","","","","","","","","","","","","","","","","","","","","","","","","","","","68","59",
"South Sudan","SSD","Ease of doing business index (1=most business-friendly regulations)","IC.BUS.EASE.XQ","","","","","","","","","","","","","","","","","","","","","","","","","","","","","","","","","","","","","","","","","","","","","","","","","","","","","","","186","187",
"Small states","SST","Ease of doing business index (1=most business-friendly regulations)","IC.BUS.EASE.XQ","","","","","","","","","","","","","","","","","","","","","","","","","","","","","","","","","","","","","","","","","","","","","","","","","","","","","","","115.65","117.45",
"Sao Tome and Principe","STP","Ease of doing business index (1=most business-friendly regulations)","IC.BUS.EASE.XQ","","","","","","","","","","","","","","","","","","","","","","","","","","","","","","","","","","","","","","","","","","","","","","","","","","","","","","","163","166",
"Suriname","SUR","Ease of doing business index (1=most business-friendly regulations)","IC.BUS.EASE.XQ","","","","","","","","","","","","","","","","","","","","","","","","","","","","","","","","","","","","","","","","","","","","","","","","","","","","","","","154","156",
"Slovak Republic","SVK","Ease of doing business index (1=most business-friendly regulations)","IC.BUS.EASE.XQ","","","","","","","","","","","","","","","","","","","","","","","","","","","","","","","","","","","","","","","","","","","","","","","","","","","","","","","29","29",
"Slovenia","SVN","Ease of doing business index (1=most business-friendly regulations)","IC.BUS.EASE.XQ","","","","","","","","","","","","","","","","","","","","","","","","","","","","","","","","","","","","","","","","","","","","","","","","","","","","","","","35","29",
"Sweden","SWE","Ease of doing business index (1=most business-friendly regulations)","IC.BUS.EASE.XQ","","","","","","","","","","","","","","","","","","","","","","","","","","","","","","","","","","","","","","","","","","","","","","","","","","","","","","","9","8",
"Swaziland","SWZ","Ease of doing business index (1=most business-friendly regulations)","IC.BUS.EASE.XQ","","","","","","","","","","","","","","","","","","","","","","","","","","","","","","","","","","","","","","","","","","","","","","","","","","","","","","","102","105",
"Sint Maarten (Dutch part)","SXM","Ease of doing business index (1=most business-friendly regulations)","IC.BUS.EASE.XQ","","","","","","","","","","","","","","","","","","","","","","","","","","","","","","","","","","","","","","","","","","","","","","","","","","","","","","","","50",
"Seychelles","SYC","Ease of doing business index (1=most business-friendly regulations)","IC.BUS.EASE.XQ","","","","","","","","","","","","","","","","","","","","","","","","","","","","","","","","","","","","","","","","","","","","","","","","","","","","","","","104","95",
"Syrian Arab Republic","SYR","Ease of doing business index (1=most business-friendly regulations)","IC.BUS.EASE.XQ","","","","","","","","","","","","","","","","","","","","","","","","","","","","","","","","","","","","","","","","","","","","","","","","","","","","","","","173","175",
"Turks and Caicos Islands","TCA","Ease of doing business index (1=most business-friendly regulations)","IC.BUS.EASE.XQ","","","","","","","","","","","","","","","","","","","","","","","","","","","","","","","","","","","","","","","","","","","","","","","","","","","","","","","","50",
"Chad","TCD","Ease of doing business index (1=most business-friendly regulations)","IC.BUS.EASE.XQ","","","","","","","","","","","","","","","","","","","","","","","","","","","","","","","","","","","","","","","","","","","","","","","","","","","","","","","182","183",
"Togo","TGO","Ease of doing business index (1=most business-friendly regulations)","IC.BUS.EASE.XQ","","","","","","","","","","","","","","","","","","","","","","","","","","","","","","","","","","","","","","","","","","","","","","","","","","","","","","","152","150",
"Thailand","THA","Ease of doing business index (1=most business-friendly regulations)","IC.BUS.EASE.XQ","","","","","","","","","","","","","","","","","","","","","","","","","","","","","","","","","","","","","","","","","","","","","","","","","","","","","","","46","49",
"Tajikistan","TJK","Ease of doing business index (1=most business-friendly regulations)","IC.BUS.EASE.XQ","","","","","","","","","","","","","","","","","","","","","","","","","","","","","","","","","","","","","","","","","","","","","","","","","","","","","","","138","132",
"Turkmenistan","TKM","Ease of doing business index (1=most business-friendly regulations)","IC.BUS.EASE.XQ","","","","","","","","","","","","","","","","","","","","","","","","","","","","","","","","","","","","","","","","","","","","","","","","","","","","","","","","100",
"Timor-Leste","TLS","Ease of doing business index (1=most business-friendly regulations)","IC.BUS.EASE.XQ","","","","","","","","","","","","","","","","","","","","","","","","","","","","","","","","","","","","","","","","","","","","","","","","","","","","","","","167","173",
"Tonga","TON","Ease of doing business index (1=most business-friendly regulations)","IC.BUS.EASE.XQ","","","","","","","","","","","","","","","","","","","","","","","","","","","","","","","","","","","","","","","","","","","","","","","","","","","","","","","74","78",
"Trinidad and Tobago","TTO","Ease of doing business index (1=most business-friendly regulations)","IC.BUS.EASE.XQ","","","","","","","","","","","","","","","","","","","","","","","","","","","","","","","","","","","","","","","","","","","","","","","","","","","","","","","85","88",
"Tunisia","TUN","Ease of doing business index (1=most business-friendly regulations)","IC.BUS.EASE.XQ","","","","","","","","","","","","","","","","","","","","","","","","","","","","","","","","","","","","","","","","","","","","","","","","","","","","","","","75","74",
"Turkey","TUR","Ease of doing business index (1=most business-friendly regulations)","IC.BUS.EASE.XQ","","","","","","","","","","","","","","","","","","","","","","","","","","","","","","","","","","","","","","","","","","","","","","","","","","","","","","","51","55",
"Tuvalu","TUV","Ease of doing business index (1=most business-friendly regulations)","IC.BUS.EASE.XQ","","","","","","","","","","","","","","","","","","","","","","","","","","","","","","","","","","","","","","","","","","","","","","","","","","","","","","","","100",
"Tanzania","TZA","Ease of doing business index (1=most business-friendly regulations)","IC.BUS.EASE.XQ","","","","","","","","","","","","","","","","","","","","","","","","","","","","","","","","","","","","","","","","","","","","","","","","","","","","","","","140","139",
"Uganda","UGA","Ease of doing business index (1=most business-friendly regulations)","IC.BUS.EASE.XQ","","","","","","","","","","","","","","","","","","","","","","","","","","","","","","","","","","","","","","","","","","","","","","","","","","","","","","","135","122",
"Ukraine","UKR","Ease of doing business index (1=most business-friendly regulations)","IC.BUS.EASE.XQ","","","","","","","","","","","","","","","","","","","","","","","","","","","","","","","","","","","","","","","","","","","","","","","","","","","","","","","87","83",
"Uruguay","URY","Ease of doing business index (1=most business-friendly regulations)","IC.BUS.EASE.XQ","","","","","","","","","","","","","","","","","","","","","","","","","","","","","","","","","","","","","","","","","","","","","","","","","","","","","","","88","92",
"United States","USA","Ease of doing business index (1=most business-friendly regulations)","IC.BUS.EASE.XQ","","","","","","","","","","","","","","","","","","","","","","","","","","","","","","","","","","","","","","","","","","","","","","","","","","","","","","","7","7",
"Uzbekistan","UZB","Ease of doing business index (1=most business-friendly regulations)","IC.BUS.EASE.XQ","","","","","","","","","","","","","","","","","","","","","","","","","","","","","","","","","","","","","","","","","","","","","","","","","","","","","","","103","87",
"St. Vincent and the Grenadines","VCT","Ease of doing business index (1=most business-friendly regulations)","IC.BUS.EASE.XQ","","","","","","","","","","","","","","","","","","","","","","","","","","","","","","","","","","","","","","","","","","","","","","","","","","","","","","","106","111",
"Venezuela, RB","VEN","Ease of doing business index (1=most business-friendly regulations)","IC.BUS.EASE.XQ","","","","","","","","","","","","","","","","","","","","","","","","","","","","","","","","","","","","","","","","","","","","","","","","","","","","","","","184","186",
"Virgin Islands (U.S.)","VIR","Ease of doing business index (1=most business-friendly regulations)","IC.BUS.EASE.XQ","","","","","","","","","","","","","","","","","","","","","","","","","","","","","","","","","","","","","","","","","","","","","","","","","","","","","","","","50",
"Vietnam","VNM","Ease of doing business index (1=most business-friendly regulations)","IC.BUS.EASE.XQ","","","","","","","","","","","","","","","","","","","","","","","","","","","","","","","","","","","","","","","","","","","","","","","","","","","","","","","93","90",
"Vanuatu","VUT","Ease of doing business index (1=most business-friendly regulations)","IC.BUS.EASE.XQ","","","","","","","","","","","","","","","","","","","","","","","","","","","","","","","","","","","","","","","","","","","","","","","","","","","","","","","96","94",
"West Bank and Gaza","PSE","Ease of doing business index (1=most business-friendly regulations)","IC.BUS.EASE.XQ","","","","","","","","","","","","","","","","","","","","","","","","","","","","","","","","","","","","","","","","","","","","","","","","","","","","","","","127","129",
"Samoa","WSM","Ease of doing business index (1=most business-friendly regulations)","IC.BUS.EASE.XQ","","","","","","","","","","","","","","","","","","","","","","","","","","","","","","","","","","","","","","","","","","","","","","","","","","","","","","","92","96",
"Yemen, Rep.","YEM","Ease of doing business index (1=most business-friendly regulations)","IC.BUS.EASE.XQ","","","","","","","","","","","","","","","","","","","","","","","","","","","","","","","","","","","","","","","","","","","","","","","","","","","","","","","165","170",
"South Africa","ZAF","Ease of doing business index (1=most business-friendly regulations)","IC.BUS.EASE.XQ","","","","","","","","","","","","","","","","","","","","","","","","","","","","","","","","","","","","","","","","","","","","","","","","","","","","","","","69","73",
"Congo, Dem. Rep.","COD","Ease of doing business index (1=most business-friendly regulations)","IC.BUS.EASE.XQ","","","","","","","","","","","","","","","","","","","","","","","","","","","","","","","","","","","","","","","","","","","","","","","","","","","","","","","187","184",
"Zambia","ZMB","Ease of doing business index (1=most business-friendly regulations)","IC.BUS.EASE.XQ","","","","","","","","","","","","","","","","","","","","","","","","","","","","","","","","","","","","","","","","","","","","","","","","","","","","","","","91","97",
"Zimbabwe","ZWE","Ease of doing business index (1=most business-friendly regulations)","IC.BUS.EASE.XQ","","","","","","","","","","","","","","","","","","","","","","","","","","","","","","","","","","","","","","","","","","","","","","","","","","","","","","","153","155",
"Taiwan","TWN","","","15",
"Romania","ROM","","","100",
"French Guiana","GUF","","","50",
"Timor-Leste","TMP","","","150",
"Mayotte","MYT","","","150",